,other-chemicals,other-energy-use,other-fossil-fuel-operations,other-manufacturing,other-metals,other-mining-quarrying,solid-fuel-transformation
2015,-3768526.7303980403,-347031314.4398604,-2707365419.436232,-476.91512,-2880564204.1271396,-76641776.29934989,-169056947.0810568
2016,-2657112.044317138,-280137782.4350015,-2748014681.8906016,-475.308734,-2876111939.799125,-83351924.73882602,-293360483.75188
2017,-2117008.5702899257,-275748550.53330696,-2941496515.910921,-473.707893,-3017637725.574468,-81127498.25257327,-338026596.4217627
2018,-3577524.4273109455,-331826174.8346986,-3032981462.563289,-472.11258,-3093564214.193456,-80630077.19784781,-241461564.63304028
2019,-3100658.756103265,-348023224.7393177,-2968484080.3852167,-470.22457199999997,-3217778550.011771,-84381809.96198338,-213683510.81563544
2020,-1985670.3668938202,-372885299.3796116,-2824649099.7614226,-516.699734,-3308540499.681649,-95803026.3487429,-232716432.74717793
2021,-2564146.2265054174,-395227664.0620978,-2993184141.345961,-578.608527,-3470323128.8090835,-122817494.82229881,-346343596.726315
2022,-4508466.50284493,-402349069.2902133,-3109397447.604002,-578.613985,-3383838313.394938,-122740053.76624715,-327879075.8814207
2023,-4508466.50284493,-556428612.3711525,-3164650757.248347,-604.0438947999987,-3334743466.9844823,-126003802.18490252,-343467899.81293106
